{
    "loss": 2.451969623565674,
    "accuracy": 0.7843137383460999
}