{
    "loss": 32.98658752441406,
    "accuracy": 0.5686274766921997
}